,0,1,2,3,4,5,6,7,8,9
0,0.jpg,62.jpg,61.jpg,98.jpg,5.jpg,93.jpg,1.jpg,32.jpg,91.jpg,96.jpg
1,1.jpg,62.jpg,61.jpg,93.jpg,96.jpg,55.jpg,0.jpg,98.jpg,32.jpg,22.jpg
2,10.jpg,37.jpg,34.jpg,90.jpg,97.jpg,25.jpg,54.jpg,76.jpg,69.jpg,17.jpg
3,100.jpg,16.jpg,21.jpg,20.jpg,61.jpg,26.jpg,38.jpg,24.jpg,9.jpg,51.jpg
4,101.jpg,93.jpg,74.jpg,24.jpg,62.jpg,0.jpg,85.jpg,26.jpg,77.jpg,96.jpg
5,102.jpg,92.jpg,109.jpg,50.jpg,43.jpg,42.jpg,30.jpg,35.jpg,36.jpg,23.jpg
6,103.jpg,49.jpg,8.jpg,109.jpg,71.jpg,42.jpg,43.jpg,31.jpg,99.jpg,107.jpg
7,104.jpg,8.jpg,105.jpg,106.jpg,10.jpg,37.jpg,69.jpg,44.jpg,97.jpg,85.jpg
8,105.jpg,106.jpg,107.jpg,104.jpg,8.jpg,96.jpg,93.jpg,5.jpg,0.jpg,55.jpg
9,106.jpg,105.jpg,8.jpg,96.jpg,104.jpg,107.jpg,99.jpg,93.jpg,62.jpg,5.jpg
10,107.jpg,105.jpg,106.jpg,8.jpg,49.jpg,48.jpg,7.jpg,71.jpg,27.jpg,75.jpg
11,108.jpg,0.jpg,98.jpg,16.jpg,11.jpg,74.jpg,1.jpg,61.jpg,91.jpg,5.jpg
12,109.jpg,42.jpg,43.jpg,23.jpg,31.jpg,50.jpg,92.jpg,49.jpg,71.jpg,29.jpg
13,11.jpg,108.jpg,46.jpg,76.jpg,98.jpg,88.jpg,9.jpg,74.jpg,38.jpg,0.jpg
14,12.jpg,14.jpg,13.jpg,53.jpg,15.jpg,48.jpg,6.jpg,63.jpg,65.jpg,64.jpg
15,13.jpg,15.jpg,23.jpg,48.jpg,12.jpg,14.jpg,66.jpg,63.jpg,53.jpg,65.jpg
16,14.jpg,64.jpg,63.jpg,65.jpg,12.jpg,15.jpg,13.jpg,66.jpg,52.jpg,6.jpg
17,15.jpg,13.jpg,6.jpg,14.jpg,66.jpg,87.jpg,12.jpg,23.jpg,63.jpg,64.jpg
18,16.jpg,24.jpg,100.jpg,26.jpg,74.jpg,21.jpg,20.jpg,91.jpg,88.jpg,61.jpg
19,17.jpg,45.jpg,54.jpg,89.jpg,68.jpg,34.jpg,97.jpg,51.jpg,72.jpg,37.jpg
20,18.jpg,61.jpg,5.jpg,96.jpg,62.jpg,93.jpg,0.jpg,1.jpg,108.jpg,74.jpg
21,19.jpg,20.jpg,21.jpg,104.jpg,51.jpg,54.jpg,37.jpg,90.jpg,39.jpg,106.jpg
22,2.jpg,7.jpg,20.jpg,16.jpg,48.jpg,23.jpg,96.jpg,50.jpg,32.jpg,106.jpg
23,20.jpg,21.jpg,16.jpg,100.jpg,2.jpg,19.jpg,39.jpg,31.jpg,28.jpg,101.jpg
24,21.jpg,20.jpg,100.jpg,16.jpg,24.jpg,26.jpg,28.jpg,101.jpg,54.jpg,31.jpg
25,22.jpg,96.jpg,55.jpg,62.jpg,93.jpg,61.jpg,98.jpg,5.jpg,1.jpg,32.jpg
26,23.jpg,48.jpg,50.jpg,42.jpg,43.jpg,13.jpg,31.jpg,66.jpg,49.jpg,39.jpg
27,24.jpg,26.jpg,25.jpg,74.jpg,91.jpg,101.jpg,96.jpg,16.jpg,73.jpg,51.jpg
28,25.jpg,24.jpg,26.jpg,73.jpg,44.jpg,74.jpg,10.jpg,85.jpg,41.jpg,60.jpg
29,26.jpg,24.jpg,74.jpg,91.jpg,25.jpg,61.jpg,51.jpg,101.jpg,96.jpg,16.jpg
30,27.jpg,75.jpg,107.jpg,54.jpg,71.jpg,101.jpg,10.jpg,1.jpg,24.jpg,8.jpg
31,28.jpg,29.jpg,31.jpg,3.jpg,53.jpg,30.jpg,101.jpg,99.jpg,94.jpg,109.jpg
32,29.jpg,28.jpg,31.jpg,46.jpg,99.jpg,3.jpg,109.jpg,80.jpg,91.jpg,75.jpg
33,3.jpg,8.jpg,28.jpg,91.jpg,5.jpg,93.jpg,31.jpg,106.jpg,105.jpg,32.jpg
34,30.jpg,94.jpg,36.jpg,35.jpg,63.jpg,64.jpg,28.jpg,101.jpg,49.jpg,65.jpg
35,31.jpg,28.jpg,39.jpg,23.jpg,66.jpg,7.jpg,49.jpg,71.jpg,109.jpg,29.jpg
36,32.jpg,5.jpg,62.jpg,0.jpg,93.jpg,96.jpg,55.jpg,1.jpg,8.jpg,98.jpg
37,33.jpg,76.jpg,57.jpg,10.jpg,97.jpg,37.jpg,73.jpg,74.jpg,85.jpg,86.jpg
38,34.jpg,54.jpg,68.jpg,97.jpg,45.jpg,10.jpg,37.jpg,51.jpg,89.jpg,90.jpg
39,36.jpg,35.jpg,30.jpg,71.jpg,23.jpg,43.jpg,42.jpg,94.jpg,39.jpg,101.jpg
40,36.jpg,35.jpg,30.jpg,71.jpg,23.jpg,43.jpg,42.jpg,94.jpg,39.jpg,101.jpg
41,37.jpg,10.jpg,89.jpg,51.jpg,34.jpg,54.jpg,69.jpg,8.jpg,93.jpg,90.jpg
42,38.jpg,0.jpg,34.jpg,16.jpg,100.jpg,108.jpg,98.jpg,18.jpg,72.jpg,62.jpg
43,39.jpg,31.jpg,23.jpg,35.jpg,36.jpg,13.jpg,49.jpg,66.jpg,48.jpg,16.jpg
44,4.jpg,77.jpg,44.jpg,35.jpg,36.jpg,12.jpg,96.jpg,41.jpg,85.jpg,47.jpg
45,40.jpg,91.jpg,61.jpg,98.jpg,96.jpg,0.jpg,26.jpg,55.jpg,5.jpg,74.jpg
46,41.jpg,44.jpg,25.jpg,47.jpg,85.jpg,86.jpg,8.jpg,90.jpg,54.jpg,37.jpg
47,42.jpg,43.jpg,109.jpg,71.jpg,23.jpg,49.jpg,35.jpg,36.jpg,6.jpg,56.jpg
48,43.jpg,42.jpg,71.jpg,109.jpg,23.jpg,36.jpg,35.jpg,49.jpg,6.jpg,56.jpg
49,44.jpg,25.jpg,41.jpg,77.jpg,37.jpg,96.jpg,8.jpg,86.jpg,69.jpg,4.jpg
50,45.jpg,68.jpg,89.jpg,54.jpg,72.jpg,86.jpg,17.jpg,97.jpg,51.jpg,34.jpg
51,46.jpg,29.jpg,11.jpg,16.jpg,91.jpg,58.jpg,28.jpg,74.jpg,24.jpg,47.jpg
52,47.jpg,8.jpg,77.jpg,41.jpg,99.jpg,53.jpg,86.jpg,44.jpg,5.jpg,17.jpg
53,48.jpg,49.jpg,23.jpg,66.jpg,13.jpg,107.jpg,53.jpg,6.jpg,12.jpg,32.jpg
54,49.jpg,48.jpg,6.jpg,23.jpg,42.jpg,107.jpg,43.jpg,66.jpg,31.jpg,15.jpg
55,5.jpg,96.jpg,55.jpg,61.jpg,0.jpg,62.jpg,32.jpg,8.jpg,88.jpg,98.jpg
56,50.jpg,23.jpg,109.jpg,48.jpg,49.jpg,92.jpg,7.jpg,43.jpg,6.jpg,42.jpg
57,51.jpg,54.jpg,68.jpg,45.jpg,37.jpg,34.jpg,86.jpg,90.jpg,93.jpg,97.jpg
58,52.jpg,64.jpg,63.jpg,65.jpg,14.jpg,12.jpg,13.jpg,15.jpg,53.jpg,31.jpg
59,53.jpg,12.jpg,13.jpg,48.jpg,28.jpg,66.jpg,14.jpg,41.jpg,47.jpg,55.jpg
60,54.jpg,97.jpg,90.jpg,45.jpg,51.jpg,34.jpg,89.jpg,17.jpg,86.jpg,68.jpg
61,55.jpg,96.jpg,93.jpg,5.jpg,22.jpg,62.jpg,91.jpg,1.jpg,61.jpg,0.jpg
62,56.jpg,82.jpg,84.jpg,81.jpg,43.jpg,42.jpg,15.jpg,88.jpg,83.jpg,23.jpg
63,57.jpg,76.jpg,33.jpg,10.jpg,104.jpg,85.jpg,37.jpg,69.jpg,8.jpg,44.jpg
64,58.jpg,34.jpg,54.jpg,17.jpg,10.jpg,89.jpg,90.jpg,72.jpg,51.jpg,68.jpg
65,59.jpg,55.jpg,5.jpg,32.jpg,0.jpg,53.jpg,98.jpg,88.jpg,22.jpg,74.jpg
66,6.jpg,15.jpg,49.jpg,63.jpg,64.jpg,65.jpg,87.jpg,42.jpg,48.jpg,43.jpg
67,60.jpg,91.jpg,25.jpg,24.jpg,10.jpg,101.jpg,107.jpg,8.jpg,93.jpg,31.jpg
68,61.jpg,62.jpg,96.jpg,0.jpg,91.jpg,1.jpg,5.jpg,98.jpg,26.jpg,55.jpg
69,62.jpg,1.jpg,96.jpg,0.jpg,61.jpg,98.jpg,93.jpg,22.jpg,55.jpg,5.jpg
70,63.jpg,64.jpg,65.jpg,14.jpg,52.jpg,6.jpg,13.jpg,15.jpg,30.jpg,87.jpg
71,64.jpg,63.jpg,65.jpg,14.jpg,52.jpg,6.jpg,13.jpg,15.jpg,30.jpg,87.jpg
72,65.jpg,64.jpg,63.jpg,14.jpg,52.jpg,6.jpg,13.jpg,12.jpg,15.jpg,30.jpg
73,66.jpg,48.jpg,23.jpg,15.jpg,13.jpg,14.jpg,49.jpg,31.jpg,53.jpg,39.jpg
74,67.jpg,5.jpg,50.jpg,26.jpg,2.jpg,74.jpg,108.jpg,11.jpg,98.jpg,16.jpg
75,68.jpg,45.jpg,97.jpg,89.jpg,51.jpg,34.jpg,86.jpg,72.jpg,54.jpg,90.jpg
76,69.jpg,37.jpg,89.jpg,97.jpg,34.jpg,10.jpg,45.jpg,86.jpg,54.jpg,8.jpg
77,7.jpg,31.jpg,107.jpg,8.jpg,49.jpg,48.jpg,23.jpg,50.jpg,2.jpg,80.jpg
78,70.jpg,71.jpg,43.jpg,42.jpg,96.jpg,107.jpg,6.jpg,44.jpg,13.jpg,36.jpg
79,71.jpg,70.jpg,42.jpg,43.jpg,35.jpg,36.jpg,31.jpg,107.jpg,75.jpg,23.jpg
80,72.jpg,45.jpg,68.jpg,34.jpg,51.jpg,17.jpg,89.jpg,86.jpg,54.jpg,58.jpg
81,73.jpg,25.jpg,74.jpg,24.jpg,85.jpg,10.jpg,26.jpg,76.jpg,91.jpg,34.jpg
82,74.jpg,91.jpg,26.jpg,24.jpg,101.jpg,73.jpg,0.jpg,61.jpg,25.jpg,88.jpg
83,75.jpg,27.jpg,54.jpg,71.jpg,99.jpg,101.jpg,107.jpg,49.jpg,90.jpg,80.jpg
84,76.jpg,33.jpg,57.jpg,10.jpg,73.jpg,37.jpg,74.jpg,0.jpg,32.jpg,9.jpg
85,77.jpg,96.jpg,44.jpg,5.jpg,47.jpg,55.jpg,86.jpg,101.jpg,26.jpg,4.jpg
86,78.jpg,0.jpg,73.jpg,76.jpg,38.jpg,108.jpg,80.jpg,8.jpg,74.jpg,91.jpg
87,79.jpg,35.jpg,36.jpg,23.jpg,30.jpg,94.jpg,88.jpg,50.jpg,8.jpg,3.jpg
88,8.jpg,104.jpg,106.jpg,105.jpg,3.jpg,37.jpg,5.jpg,32.jpg,107.jpg,47.jpg
89,80.jpg,84.jpg,75.jpg,29.jpg,7.jpg,53.jpg,1.jpg,8.jpg,3.jpg,28.jpg
90,81.jpg,84.jpg,82.jpg,83.jpg,56.jpg,88.jpg,6.jpg,0.jpg,62.jpg,80.jpg
91,82.jpg,84.jpg,83.jpg,81.jpg,56.jpg,88.jpg,6.jpg,49.jpg,75.jpg,15.jpg
92,83.jpg,82.jpg,84.jpg,81.jpg,49.jpg,56.jpg,48.jpg,53.jpg,107.jpg,75.jpg
93,84.jpg,82.jpg,81.jpg,83.jpg,56.jpg,80.jpg,6.jpg,88.jpg,15.jpg,75.jpg
94,85.jpg,25.jpg,101.jpg,73.jpg,74.jpg,54.jpg,62.jpg,37.jpg,0.jpg,41.jpg
95,86.jpg,45.jpg,68.jpg,54.jpg,97.jpg,89.jpg,51.jpg,90.jpg,72.jpg,77.jpg
96,87.jpg,6.jpg,15.jpg,63.jpg,64.jpg,65.jpg,49.jpg,42.jpg,43.jpg,14.jpg
97,88.jpg,5.jpg,74.jpg,82.jpg,16.jpg,94.jpg,30.jpg,84.jpg,49.jpg,35.jpg
98,89.jpg,45.jpg,68.jpg,97.jpg,54.jpg,37.jpg,17.jpg,86.jpg,34.jpg,90.jpg
99,9.jpg,76.jpg,88.jpg,100.jpg,47.jpg,58.jpg,11.jpg,20.jpg,16.jpg,8.jpg
100,90.jpg,54.jpg,97.jpg,45.jpg,34.jpg,86.jpg,68.jpg,10.jpg,89.jpg,51.jpg
101,91.jpg,74.jpg,24.jpg,26.jpg,61.jpg,96.jpg,40.jpg,55.jpg,0.jpg,3.jpg
102,92.jpg,102.jpg,109.jpg,94.jpg,43.jpg,42.jpg,30.jpg,50.jpg,35.jpg,36.jpg
103,93.jpg,55.jpg,101.jpg,62.jpg,96.jpg,0.jpg,1.jpg,32.jpg,37.jpg,51.jpg
104,94.jpg,30.jpg,36.jpg,35.jpg,6.jpg,92.jpg,49.jpg,88.jpg,101.jpg,65.jpg
105,95.jpg,53.jpg,12.jpg,99.jpg,13.jpg,44.jpg,77.jpg,28.jpg,94.jpg,30.jpg
106,96.jpg,62.jpg,55.jpg,5.jpg,61.jpg,93.jpg,91.jpg,22.jpg,1.jpg,77.jpg
107,97.jpg,54.jpg,68.jpg,45.jpg,89.jpg,90.jpg,34.jpg,86.jpg,69.jpg,51.jpg
108,98.jpg,0.jpg,62.jpg,61.jpg,1.jpg,5.jpg,22.jpg,32.jpg,55.jpg,40.jpg
109,99.jpg,106.jpg,8.jpg,17.jpg,47.jpg,75.jpg,25.jpg,24.jpg,77.jpg,86.jpg
